Product ID,Product Name,Description,Brand,Main Image URL,Additional Image URLs,Base Price,Sale Price,Currency,Primary Category,Sub-category,Tags,Size,Color,Material,Average Rating,Reviews,Vendor Name,Vendor ID,Active Promotions,Direct URL to marketplace
1001,Basic Tee,A basic cotton t-shirt,Fashion Brand A,http://example.com/images/tee-main.jpg,"http://example.com/images/tee-side.jpg, http://example.com/images/tee-back.jpg",20,15,USD,Men,T-Shirts,"summer,casual",S/M/L,White/Cyan/Blue,Cotton,4.5,"Good fit, comfortable.",Fashion Supplier A,V001,10% off summer sale,http://marketplace.com/product/1001
1002,Slim Fit Trousers,Stylish slim fit trousers,Fashion Brand B,http://example.com/images/trouser-main.jpg,"http://example.com/images/trouser-side.jpg, http://example.com/images/trouser-back.jpg",50,45,USD,Men,Trousers,"formal,slim fit",30/32/34,Black/Khaki/Grey,Cotton,4.2,Bit tight on the waist.,Fashion Supplier B,V002,5% off new arrivals,http://marketplace.com/product/1002
1003,Winter Jacket,Insulated winter jacket,Fashion Brand C,http://example.com/images/jacket-main.jpg,"http://example.com/images/jacket-side.jpg, http://example.com/images/jacket-back.jpg",120,100,USD,Men,Jackets,"winter,warm",M/L/XL,Black/Brown/Olive,Polyester,4.8,Kept me warm in freezing temperatures.,Fashion Supplier C,V003,$20 off clearance,http://marketplace.com/product/1003
1021,Basic Tee,A basic cotton t-shirt,Fashion Brand A,http://example.com/images/tee-main1.jpg,"http://example.com/images/tee-side1.jpg, http://example.com/images/tee-back1.jpg",20,15,USD,Men,T-Shirts,"summer,casual",S/M/L,White,Cotton,4.5,Good fit.,Fashion Supplier A,V001,10% off summer sale,http://marketplace.com/product/1001
1022,Basic Tee,A basic cotton t-shirt,Fashion Brand A,http://example.com/images/tee-main2.jpg,"http://example.com/images/tee-side2.jpg, http://example.com/images/tee-back2.jpg",21,16,USD,Men,T-Shirts,"summer,casual",S/M/L,Blue,Cotton,4.4,Very comfortable.,Fashion Supplier A,V001,10% off summer sale,http://marketplace.com/product/1002
100100,Basic Tee,A basic cotton t-shirt,Fashion Brand A,http://example.com/images/tee-main100.jpg,"http://example.com/images/tee-side100.jpg, http://example.com/images/tee-back100.jpg",120,115,USD,Men,T-Shirts,"summer,casual",S/M/L,Black,Cotton,4.8,My favorite tee.,Fashion Supplier A,V001,10% off summer sale,http://marketplace.com/product/100100
3001,Basic Tee,A simple cotton t-shirt for daily wear,Fashion Brand A,http://example.com/images/tee-main1.jpg,"http://example.com/images/tee-side1.jpg, http://example.com/images/tee-back1.jpg",20,15,USD,Men,T-Shirts,"casual,summer",S/M/L,White,Cotton,4.5,Fits well!,Fashion Supplier A,V001,10% off summer sale,http://marketplace.com/product/1001
3002,Denim Jacket,Stylish blue denim jacket for cool weather,Fashion Brand B,http://example.com/images/jacket-main2.jpg,"http://example.com/images/jacket-side2.jpg, http://example.com/images/jacket-back2.jpg",50,40,USD,Women,Jackets,"fall,denim",S/M/L,Blue,Denim,4.7,Very stylish!,Fashion Supplier B,V002,15% off fall collection,http://marketplace.com/product/1002
3101,Basic Tee,A simple cotton t-shirt for daily wear,Fashion Brand A,http://example.com/images/tee-main1.jpg,"http://example.com/images/tee-side1.jpg, http://example.com/images/tee-back1.jpg",20,15,USD,Men,T-Shirts,"casual,summer",S/M/L,White,Cotton,4.5,Fits well!,Fashion Supplier A,V001,10% off summer sale,http://marketplace.com/product/1001
3202,Denim Jacket,Stylish blue denim jacket for cool weather,Fashion Brand B,http://example.com/images/jacket-main2.jpg,"http://example.com/images/jacket-side2.jpg, http://example.com/images/jacket-back2.jpg",50,40,USD,Women,Jackets,"fall,denim",S/M/L,Blue,Denim,4.7,Very stylish!,Fashion Supplier B,V002,15% off fall collection,http://marketplace.com/product/1002
2001,Sporty Runner Jacket,Lightweight jacket for runners,Fashion Brand X,http://example.com/images/jacket-runner1.jpg,"http://example.com/images/jacket-runner-side1.jpg, http://example.com/images/jacket-runner-back1.jpg",60,50,USD,Men,Jackets,"sport,running",S/M/L,Blue,Nylon,4.6,Great for jogging!,Sport Gear Supplier,V010,5% off for athletes,http://marketplace.com/product/2001
2002,Casual Denim Jacket,Classic blue denim jacket for daily wear,Fashion Brand Y,http://example.com/images/jacket-denim2.jpg,"http://example.com/images/jacket-denim-side2.jpg, http://example.com/images/jacket-denim-back2.jpg",70,65,USD,Women,Jackets,"casual,denim",S/M/L/XL,Blue,Denim,4.8,Love the fit!,Casual Wear Supplier,V011,10% off first purchase,http://marketplace.com/product/2002
2003,Mountain Softshell Jacket,Protective softshell for hikers,Fashion Brand Z,http://example.com/images/jacket-softshell3.jpg,"http://example.com/images/jacket-softshell-side3.jpg, http://example.com/images/jacket-softshell-back3.jpg",120,100,USD,Unisex,Jackets,"hiking,mountain",S/M/L,XL,Softshell,4.9,Kept me warm on my hike!,Outdoor Supplier,V012,Free shipping,http://marketplace.com/product/2003
2004,Urban Leather Jacket,Sleek leather jacket for city life,Fashion Brand W,http://example.com/images/jacket-leather4.jpg,"http://example.com/images/jacket-leather-side4.jpg, http://example.com/images/jacket-leather-back4.jpg",250,230,USD,Men,Jackets,"urban,leather",M/L/XL,Black,Leather,4.7,So stylish!,Urban Gear Supplier,V013,15% off with code URBAN15,http://marketplace.com/product/2004
2005,Parka Winter Jacket,Insulated parka for cold winters,Fashion Brand V,http://example.com/images/jacket-parka5.jpg,"http://example.com/images/jacket-parka-side5.jpg, http://example.com/images/jacket-parka-back5.jpg",150,130,USD,Women,Jackets,"winter,parka",S/M/L/XL,Green,Down,4.9,So warm!,Cold Gear Supplier,V014,Winter sale - 20% off,http://marketplace.com/product/2005
2006,Varsity Jacket,Casual college-style jacket,Fashion Brand U,http://example.com/images/jacket-varsity6.jpg,"http://example.com/images/jacket-varsity-side6.jpg, http://example.com/images/jacket-varsity-back6.jpg",80,70,USD,Unisex,Jackets,"college,varsity",S/M/L/XL,Red/Cream,Wool & Leather,4.6,Reminds me of college days!,Retro Supplier,V015,Back to school 10% off,http://marketplace.com/product/2006
2007,Windbreaker Jacket,Light jacket to break the wind,Fashion Brand T,http://example.com/images/jacket-windbreaker7.jpg,"http://example.com/images/jacket-windbreaker-side7.jpg, http://example.com/images/jacket-windbreaker-back7.jpg",50,45,USD,Men,Jackets,"light,spring",M/L/XL,Yellow,Polyester,4.4,Perfect for spring!,Sport Gear Supplier,V016,5% off spring collection,http://marketplace.com/product/2007
2008,Moto Jacket,Stylish jacket for bikers,Fashion Brand S,http://example.com/images/jacket-moto8.jpg,"http://example.com/images/jacket-moto-side8.jpg, http://example.com/images/jacket-moto-back8.jpg",220,200,USD,Women,Jackets,"biker,leather",M/L/XL,Black,Leather,4.8,Makes me feel like a racer!,Moto Gear Supplier,V017,$20 off for bikers club,http://marketplace.com/product/2008